{
  "uuid": "868d9b91-863d-4dcd-95d0-bf6f8c641606",
  "starterPrompted": true,
  "starterLocked": false,
  "starterSelected": true,
  "starterUUID": "eafd6054-bd01-47c6-ae2e-8099a51f1368",
  "keyItems": [],
  "battleTheme": "cobblemon:battle.pvp.default",
  "extraData": {},
  "advancementData": {
    "totalCaptureCount": 4,
    "totalEggsHatched": 0,
    "totalEvolvedCount": 2,
    "totalBattleVictoryCount": 43,
    "totalPvPBattleVictoryCount": 0,
    "totalPvWBattleVictoryCount": 43,
    "totalPvNBattleVictoryCount": 0,
    "totalShinyCaptureCount": 0,
    "totalTradedCount": 0,
    "totalTypeCaptureCounts": {
      "normal": 4
    },
    "totalDefeatedCounts": {
      "cobblemon:gossifleur": 1,
      "cobblemon:pichu": 1,
      "cobblemon:sentret": 3,
      "cobblemon:spewpa": 1,
      "cobblemon:zigzagoon": 4,
      "cobblemon:diglett": 2,
      "cobblemon:metapod": 1,
      "cobblemon:caterpie": 1,
      "cobblemon:rattata": 3,
      "cobblemon:rookidee": 1,
      "cobblemon:igglybuff": 2,
      "cobblemon:budew": 1,
      "cobblemon:geodude": 1,
      "cobblemon:whismur": 3,
      "cobblemon:zubat": 1,
      "cobblemon:spinarak": 1,
      "cobblemon:joltik": 1,
      "cobblemon:abra": 2,
      "cobblemon:patrat": 2,
      "cobblemon:combee": 1,
      "cobblemon:bouffalant": 1,
      "cobblemon:lilligant": 1,
      "cobblemon:lickitung": 1,
      "cobblemon:wooloo": 1,
      "cobblemon:eevee": 1,
      "cobblemon:mareep": 1
    },
    "aspectsCollected": {}
  }
}