{
  "uuid": "868d9b91-863d-4dcd-95d0-bf6f8c641606",
  "starterPrompted": true,
  "starterLocked": false,
  "starterSelected": true,
  "starterUUID": "eafd6054-bd01-47c6-ae2e-8099a51f1368",
  "keyItems": [],
  "battleTheme": "cobblemon:battle.pvp.default",
  "extraData": {},
  "advancementData": {
    "totalCaptureCount": 0,
    "totalEggsHatched": 0,
    "totalEvolvedCount": 1,
    "totalBattleVictoryCount": 10,
    "totalPvPBattleVictoryCount": 0,
    "totalPvWBattleVictoryCount": 10,
    "totalPvNBattleVictoryCount": 0,
    "totalShinyCaptureCount": 0,
    "totalTradedCount": 0,
    "totalTypeCaptureCounts": {},
    "totalDefeatedCounts": {
      "cobblemon:gossifleur": 1,
      "cobblemon:pichu": 1,
      "cobblemon:sentret": 1,
      "cobblemon:spewpa": 1,
      "cobblemon:zigzagoon": 2,
      "cobblemon:diglett": 1,
      "cobblemon:metapod": 1,
      "cobblemon:caterpie": 1,
      "cobblemon:rattata": 1
    },
    "aspectsCollected": {}
  }
}