{"stats":{"minecraft:broken":{"minecraft:golden_leggings":1,"minecraft:stone_pickaxe":1,"minecraft:wooden_pickaxe":1,"minecraft:iron_axe":1,"simplytools:iron_hammer":1,"minecraft:iron_pickaxe":1,"minecraft:golden_pickaxe":1},"minecraft:mined":{"minecraft:spruce_trapdoor":24,"minecraft:granite":17,"minecraft:grass_block":18,"minecraft:stone_brick_wall":9,"minecraft:cracked_polished_blackstone_bricks":2,"biomesoplenty:cattail":1,"minecraft:gilded_blackstone":1,"cobblemon:ice_stone_ore":1,"minecraft:polished_blackstone_bricks":22,"minecraft:raw_iron_block":1,"minecraft:glowstone":5,"minecraft:iron_ore":52,"minecraft:deepslate_lapis_ore":12,"minecraft:iron_bars":14,"minecraft:deepslate_redstone_ore":21,"minecraft:blackstone":7,"minecraft:soul_fire":1,"cobblemon:leaf_stone_ore":2,"minecraft:powder_snow":5,"minecraft:torch":4,"cobblemon:apricorn_leaves":2,"minecraft:blast_furnace":2,"minecraft:chest":1,"minecraft:dead_bush":1,"minecraft:cobblestone":7,"minecraft:oak_planks":1,"minecraft:wall_torch":3,"minecraft:seagrass":1,"biomesoplenty:magic_leaves":34,"minecraft:nether_wart_block":1,"minecraft:tnt":1,"biomesoplenty:stripped_magic_log":1,"minecraft:grass":66,"minecraft:oak_log":31,"minecraft:dirt":24,"minecraft:crimson_planks":6,"minecraft:netherrack":13,"minecraft:oak_leaves":12,"minecraft:deepslate":649,"alexscaves:spelunkery_table":2,"minecraft:diamond_ore":1,"minecraft:tuff":16,"minecraft:deepslate_diamond_ore":2,"farmersdelight:wild_carrots":54,"biomesoplenty:bush":16,"minecraft:allium":4,"minecraft:crimson_roots":1,"minecraft:crimson_stem":20,"farmersdelight:wild_onions":22,"minecraft:furnace":6,"biomesoplenty:toadstool":3,"minecraft:andesite":15,"minecraft:gold_block":2,"biomesoplenty:magic_log":240,"minecraft:deepslate_iron_ore":58,"minecraft:lantern":2,"minecraft:stripped_oak_log":1,"minecraft:packed_ice":8,"minecraft:stone":264,"minecraft:basalt":1,"minecraft:crafting_table":9,"minecraft:blackstone_slab":1,"minecraft:tall_grass":3,"minecraft:copper_ore":31,"minecraft:deepslate_gold_ore":1,"biomesoplenty:sprout":7,"farmersdelight:wild_tomatoes":11,"minecraft:diorite":23,"minecraft:spruce_stairs":4,"minecraft:coal_ore":75,"minecraft:gravel":52,"minecraft:fern":12},"minecraft:killed":{"minecraft:witch":1,"minecraft:spider":21,"alexsmobs:snow_leopard":3,"mowziesmobs:frostmaw":1,"minecraft:skeleton":22,"minecraft:piglin_brute":1,"minecraft:piglin":7,"minecraft:creeper":1,"alexsmobs:crimson_mosquito":3,"minecraft:sheep":10,"minecraft:zombie":47,"minecraft:stray":5,"minecraft:cow":17,"alexsmobs:raccoon":1,"alexsmobs:seagull":1,"alexsmobs:bison":2,"cobblemon:pokemon":8,"minecraft:hoglin":1,"alexsmobs:crocodile":1},"minecraft:crafted":{"minecraft:oak_planks":128,"immersive_aircraft:sturdy_pipes":1,"cobblemon:slate_ball":4,"simplytools:iron_hammer_head":1,"minecraft:cooked_mutton":5,"minecraft:iron_boots":1,"immersive_aircraft:hull":2,"immersive_aircraft:steel_boiler":1,"minecraft:chest":2,"minecraft:golden_boots":1,"minecraft:crafting_table":4,"cobblemon:verdant_ball":12,"minecraft:wooden_pickaxe":2,"minecraft:iron_helmet":1,"minecraft:copper_ingot":93,"immersive_aircraft:propeller":1,"basicweapons:diamond_spear":1,"simplytools:iron_hammer":1,"minecraft:iron_chestplate":2,"minecraft:shield":1,"minecraft:stick":76,"minecraft:iron_pickaxe":4,"minecraft:iron_ingot":56,"minecraft:stone_sword":1,"minecraft:gold_ingot":1,"minecraft:shears":1,"minecraft:raw_iron":9,"minecraft:stone_shovel":1,"immersive_aircraft:sail":2,"minecraft:furnace":3,"minecraft:white_carpet":12,"travelersbackpack:white_sleeping_bag":1,"minecraft:iron_axe":2,"minecraft:stone_pickaxe":3,"biomesoplenty:magic_planks":28,"biomesoplenty:magic_door":3,"minecraft:cooked_beef":31,"minecraft:crimson_planks":72,"immersive_aircraft:boiler":1,"minecraft:iron_sword":1,"biomesoplenty:magic_boat":1,"minecraft:bucket":1,"minecraft:stone_axe":1,"minecraft:air":0,"minecraft:oak_boat":3,"immersive_aircraft:gyrodyne":1,"minecraft:iron_shovel":1,"minecraft:white_bed":1,"minecraft:torch":160},"minecraft:dropped":{"minecraft:iron_sword":2,"minecraft:oak_log":3,"minecraft:glow_ink_sac":3,"cobblemon:blue_apricorn":1,"biomesoplenty:magic_planks":9,"relics:infinity_ham":2,"minecraft:flint":13,"minecraft:dirt":36,"minecraft:mutton":9,"artifacts:charm_of_sinking":1,"minecraft:iron_pickaxe":2,"minecraft:white_wool":6,"cobblemon:red_apricorn":1,"minecraft:bone":4,"minecraft:gold_ingot":1,"minecraft:gravel":40,"minecraft:stone_axe":1,"minecraft:sugar_cane":1,"farmersdelight:cabbage":1,"cobblemon:cheri_berry":24,"minecraft:rotten_flesh":13,"minecraft:oak_planks":30,"basicweapons:iron_dagger":1,"patchouli:guide_book":1,"alexscaves:cave_book":1,"minecraft:chest":1,"minecraft:arrow":1,"minecraft:beef":11,"minecraft:golden_boots":1,"minecraft:bread":33,"minecraft:wheat_seeds":6,"minecraft:golden_helmet":1,"minecraft:tnt":1,"minecraft:book":3,"minecraft:feather":2,"minecraft:cobblestone":97,"cobblemon:yellow_apricorn_seed":1,"biomesoplenty:cattail":1,"minecraft:granite":11,"basicweapons:golden_hammer":1,"minecraft:coal":2,"minecraft:stick":5,"farmersdelight:golden_knife":1,"minecraft:diorite":46,"minecraft:torch":1,"minecraft:flowering_azalea":2,"basicweapons:golden_club":1,"minecraft:string":4,"minecraft:redstone":33,"minecraft:furnace":4,"minecraft:stone_sword":1,"minecraft:tuff":1,"minecraft:stone_shovel":1,"minecraft:raw_iron":1,"farmersdelight:cabbage_seeds":6,"minecraft:chicken":2,"minecraft:allium":47,"minecraft:andesite":7,"minecraft:cake":1,"minecraft:spider_eye":5,"minecraft:stone_pickaxe":4,"minecraft:wooden_pickaxe":1,"minecraft:raw_gold":1},"minecraft:killed_by":{"minecraft:piglin_brute":1,"minecraft:zombie":1,"minecraft:illusioner":1},"minecraft:used":{"minecraft:iron_shovel":5,"minecraft:chest":2,"minecraft:iron_sword":4,"minecraft:rotten_flesh":7,"minecraft:iron_chestplate":1,"minecraft:soul_sand":3,"minecraft:carrot":10,"minecraft:snowball":24,"minecraft:lantern":1,"minecraft:stone_bricks":3,"minecraft:bow":8,"minecraft:furnace":4,"minecraft:oak_sapling":1,"biomesoplenty:magic_log":32,"minecraft:stone_pickaxe":228,"minecraft:blackstone":2,"minecraft:ender_pearl":1,"minecraft:wooden_pickaxe":79,"biomesoplenty:magic_boat":2,"minecraft:blast_furnace":1,"minecraft:bread":58,"minecraft:string":1,"minecraft:blackstone_slab":1,"minecraft:nether_wart_block":1,"minecraft:fire_charge":1,"immersive_aircraft:gyrodyne":2,"minecraft:oak_boat":4,"basicweapons:golden_hammer":61,"minecraft:golden_pickaxe":32,"minecraft:iron_bars":2,"minecraft:stone_sword":87,"basicweapons:iron_dagger":18,"minecraft:stone_shovel":66,"minecraft:netherrack":7,"minecraft:torch":167,"minecraft:dirt":65,"minecraft:granite":6,"minecraft:iron_axe":271,"minecraft:light_weighted_pressure_plate":1,"minecraft:crimson_planks":67,"simplytools:iron_hammer":375,"minecraft:cooked_beef":39,"minecraft:cooked_mutton":4,"minecraft:water_bucket":3,"minecraft:polished_blackstone_bricks":9,"farmersdelight:onion":6,"minecraft:crafting_table":13,"minecraft:white_bed":1,"biomesoplenty:magic_sapling":10,"minecraft:apple":65,"biomesoplenty:magic_door":3,"minecraft:cracked_polished_blackstone_bricks":1,"minecraft:iron_pickaxe":629,"travelersbackpack:white_sleeping_bag":1,"minecraft:spruce_trapdoor":9,"basicweapons:diamond_spear":507,"biomesoplenty:toadstool":1,"minecraft:stone_axe":63,"minecraft:cobblestone":118,"minecraft:bucket":4,"alexsmobs:animal_dictionary":1,"cobblemon:blue_apricorn_seed":1},"minecraft:picked_up":{"cobblemon:leaf_stone":2,"minecraft:iron_chestplate":1,"cobblemon:red_apricorn":6,"minecraft:crimson_planks":3,"minecraft:raw_copper":88,"biomesoplenty:magic_boat":1,"minecraft:string":21,"minecraft:iron_leggings":1,"alexsmobs:blood_sac":2,"minecraft:cobbled_deepslate":638,"farmersdelight:cabbage":1,"minecraft:iron_pickaxe":1,"farmersdelight:cabbage_seeds":6,"minecraft:furnace":6,"minecraft:tipped_arrow":2,"minecraft:stick":9,"minecraft:torch":8,"minecraft:spruce_stairs":4,"minecraft:diorite":46,"minecraft:honey_bottle":3,"minecraft:rotten_flesh":34,"farmersdelight:onion":24,"cobblemon:verdant_ball":5,"minecraft:iron_bars":14,"minecraft:snowball":48,"minecraft:cobblestone":320,"cobblemon:great_ball":2,"minecraft:feather":2,"minecraft:cooked_beef":12,"minecraft:andesite":7,"alexsmobs:bison_fur":4,"minecraft:flint":10,"minecraft:tuff":1,"minecraft:dirt":101,"minecraft:lapis_lazuli":61,"farmersdelight:tomato":1,"minecraft:lantern":1,"minecraft:bone":29,"minecraft:bow":1,"minecraft:wheat_seeds":6,"minecraft:raw_gold":1,"cobblemon:thunder_stone":1,"minecraft:glowstone_dust":11,"minecraft:oak_planks":13,"cobblemon:poison_barb":1,"biomesoplenty:magic_sapling":10,"biomesoplenty:toadstool":1,"cobblemon:pecha_berry":15,"cobblemon:shuca_berry":2,"minecraft:diamond":3,"biomesoplenty:magic_planks":4,"minecraft:cracked_polished_blackstone_bricks":2,"minecraft:granite":17,"cobblemon:ice_stone":1,"minecraft:bread":1,"minecraft:oak_sapling":1,"minecraft:netherrack":7,"minecraft:crimson_roots":2,"minecraft:allium":47,"minecraft:crafting_table":9,"minecraft:chicken":2,"cobblemon:yellow_apricorn":3,"minecraft:stone_brick_wall":7,"minecraft:gold_block":2,"immersive_melodies:lute":1,"cobblemon:white_apricorn":7,"minecraft:blackstone":2,"minecraft:beef":47,"minecraft:oak_boat":2,"minecraft:sugar_cane":1,"minecraft:chest":1,"minecraft:spruce_trapdoor":21,"minecraft:raw_iron":110,"minecraft:fire_charge":1,"minecraft:polished_blackstone_bricks":16,"farmersdelight:tomato_seeds":11,"minecraft:carrot":50,"minecraft:redstone":95,"minecraft:tnt":1,"minecraft:arrow":22,"biomesoplenty:cattail":1,"alexscaves:spelunkery_table":2,"minecraft:gold_ingot":5,"cobblemon:air_balloon":1,"minecraft:mutton":16,"cobblemon:blue_apricorn":10,"minecraft:white_wool":20,"minecraft:stripped_oak_log":1,"minecraft:air":0,"minecraft:basalt":1,"minecraft:glow_ink_sac":3,"minecraft:crimson_stem":18,"minecraft:leather":17,"minecraft:blackstone_slab":1,"biomesoplenty:stripped_magic_log":1,"minecraft:oak_log":34,"minecraft:nether_wart_block":1,"immersive_aircraft:gyrodyne":1,"minecraft:stone_bricks":3,"minecraft:stone_pickaxe":2,"biomesoplenty:magic_log":239,"relics:infinity_ham":2,"minecraft:flowering_azalea":2,"minecraft:iron_sword":1,"minecraft:soul_sand":3,"cobblemon:azure_ball":12,"minecraft:gravel":40,"cobblemon:blue_apricorn_seed":1,"minecraft:raw_iron_block":1,"cobblemon:cheri_berry":25,"cobblemon:premier_ball":1,"cobblemon:yellow_apricorn_seed":1,"minecraft:blast_furnace":2,"minecraft:spider_eye":6,"travelersbackpack:standard":1,"minecraft:coal":85,"minecraft:ender_pearl":3},"minecraft:custom":{"minecraft:interact_with_crafting_table":47,"minecraft:open_barrel":22,"goblintraders:trade_with_goblin":35,"minecraft:leave_game":23,"minecraft:time_since_death":118,"minecraft:sprint_one_cm":773737,"minecraft:drop":111,"minecraft:talked_to_villager":1,"minecraft:play_time":426996,"minecraft:deaths":4,"minecraft:jump":5615,"minecraft:walk_on_water_one_cm":48649,"minecraft:interact_with_furnace":26,"minecraft:interact_with_loom":1,"minecraft:sleep_in_bed":14,"minecraft:damage_dealt":31603,"minecraft:player_kills":1,"minecraft:crouch_one_cm":57857,"minecraft:interact_with_smoker":4,"minecraft:mob_kills":159,"minecraft:climb_one_cm":2642,"minecraft:walk_one_cm":769047,"minecraft:sneak_time":25084,"minecraft:walk_under_water_one_cm":30312,"minecraft:interact_with_blast_furnace":4,"minecraft:total_world_time":426996,"minecraft:time_since_rest":151,"minecraft:damage_taken":8260,"minecraft:swim_one_cm":44475,"minecraft:fly_one_cm":1387361,"minecraft:open_chest":110,"minecraft:fall_one_cm":170535}},"DataVersion":3465}