{"stats":{"minecraft:used":{"minecraft:cooked_mutton":4,"minecraft:iron_bars":2,"minecraft:stone_sword":87,"minecraft:stone_shovel":2,"minecraft:stone_pickaxe":31,"minecraft:wooden_pickaxe":59,"minecraft:torch":10,"farmersdelight:onion":6,"minecraft:dirt":59,"minecraft:crafting_table":7,"minecraft:carrot":10,"minecraft:bread":15,"minecraft:light_weighted_pressure_plate":1,"travelersbackpack:white_sleeping_bag":1,"minecraft:spruce_trapdoor":9,"minecraft:stone_axe":53,"minecraft:furnace":3,"minecraft:oak_sapling":1,"basicweapons:golden_hammer":53,"alexsmobs:animal_dictionary":1,"minecraft:oak_boat":4,"minecraft:cooked_beef":4},"minecraft:dropped":{"minecraft:bread":33,"minecraft:wheat_seeds":5,"minecraft:oak_log":3,"minecraft:stone_sword":1,"farmersdelight:cabbage":1,"farmersdelight:cabbage_seeds":6,"minecraft:raw_iron":1,"cobblemon:cheri_berry":24,"minecraft:feather":2,"minecraft:rotten_flesh":2,"minecraft:oak_planks":7,"cobblemon:yellow_apricorn_seed":1,"minecraft:coal":1,"patchouli:guide_book":1,"minecraft:stick":5,"minecraft:flint":3,"minecraft:dirt":5,"farmersdelight:golden_knife":1,"minecraft:allium":47,"minecraft:mutton":7,"artifacts:charm_of_sinking":1,"minecraft:chest":1,"minecraft:spider_eye":1,"minecraft:arrow":1,"minecraft:beef":11,"minecraft:string":2,"minecraft:white_wool":4},"minecraft:broken":{"minecraft:wooden_pickaxe":1},"minecraft:mined":{"farmersdelight:wild_carrots":54,"minecraft:spruce_trapdoor":24,"minecraft:crafting_table":5,"cobblemon:apricorn_leaves":2,"minecraft:torch":3,"minecraft:stone_brick_wall":9,"biomesoplenty:bush":4,"minecraft:allium":4,"minecraft:grass_block":7,"minecraft:chest":1,"minecraft:dead_bush":1,"minecraft:tall_grass":3,"biomesoplenty:sprout":3,"farmersdelight:wild_tomatoes":11,"minecraft:wall_torch":1,"minecraft:spruce_stairs":4,"farmersdelight:wild_onions":22,"biomesoplenty:magic_leaves":1,"minecraft:furnace":2,"minecraft:iron_ore":1,"biomesoplenty:magic_log":12,"minecraft:grass":49,"minecraft:oak_log":29,"minecraft:coal_ore":15,"minecraft:iron_bars":14,"minecraft:dirt":1,"minecraft:stone":47,"minecraft:oak_leaves":7},"minecraft:crafted":{"minecraft:cooked_beef":7,"minecraft:oak_planks":116,"minecraft:stone_shovel":1,"minecraft:crafting_table":2,"minecraft:wooden_pickaxe":1,"minecraft:furnace":1,"minecraft:stone_axe":1,"minecraft:cooked_mutton":5,"minecraft:air":0,"minecraft:oak_boat":3,"travelersbackpack:white_sleeping_bag":1,"minecraft:stick":24,"minecraft:stone_pickaxe":1,"minecraft:stone_sword":1,"minecraft:gold_ingot":1,"minecraft:torch":52},"minecraft:killed":{"cobblemon:pokemon":2,"minecraft:spider":5,"alexsmobs:seagull":1,"minecraft:sheep":10,"alexsmobs:crocodile":1,"minecraft:zombie":9,"minecraft:cow":17},"minecraft:picked_up":{"minecraft:crafting_table":5,"minecraft:allium":47,"minecraft:feather":2,"cobblemon:yellow_apricorn":3,"minecraft:leather":17,"minecraft:stone_brick_wall":7,"minecraft:oak_log":32,"minecraft:dirt":64,"farmersdelight:tomato":1,"minecraft:string":3,"cobblemon:white_apricorn":7,"minecraft:wheat_seeds":5,"farmersdelight:cabbage":1,"minecraft:beef":32,"biomesoplenty:magic_log":11,"minecraft:oak_boat":2,"cobblemon:thunder_stone":1,"minecraft:spruce_trapdoor":21,"minecraft:chest":1,"minecraft:oak_planks":12,"farmersdelight:cabbage_seeds":6,"minecraft:furnace":2,"minecraft:stick":3,"minecraft:raw_iron":1,"minecraft:torch":4,"minecraft:spruce_stairs":4,"cobblemon:cheri_berry":25,"cobblemon:premier_ball":1,"cobblemon:yellow_apricorn_seed":1,"farmersdelight:tomato_seeds":11,"minecraft:carrot":50,"minecraft:spider_eye":1,"cobblemon:shuca_berry":2,"minecraft:arrow":1,"minecraft:honey_bottle":1,"minecraft:rotten_flesh":5,"farmersdelight:onion":24,"minecraft:oak_sapling":1,"minecraft:iron_bars":14,"minecraft:mutton":12,"minecraft:coal":28,"minecraft:white_wool":12,"minecraft:cobblestone":47},"minecraft:custom":{"minecraft:interact_with_furnace":13,"minecraft:mob_kills":46,"minecraft:interact_with_crafting_table":10,"minecraft:open_barrel":3,"minecraft:leave_game":8,"minecraft:time_since_death":93379,"minecraft:sleep_in_bed":4,"minecraft:climb_one_cm":1242,"minecraft:time_since_rest":32282,"minecraft:sprint_one_cm":256352,"minecraft:damage_taken":1259,"minecraft:walk_one_cm":233871,"minecraft:drop":33,"minecraft:damage_dealt":5514,"minecraft:talked_to_villager":1,"minecraft:swim_one_cm":5152,"minecraft:fly_one_cm":446476,"minecraft:player_kills":1,"minecraft:open_chest":27,"minecraft:crouch_one_cm":9606,"minecraft:play_time":93379,"minecraft:sneak_time":3434,"minecraft:walk_under_water_one_cm":2220,"minecraft:jump":1617,"minecraft:walk_on_water_one_cm":12729,"minecraft:total_world_time":93379,"minecraft:fall_one_cm":55359}},"DataVersion":3465}