{"stats":{"minecraft:broken":{"minecraft:wooden_pickaxe":1},"minecraft:mined":{"farmersdelight:wild_onions":13,"minecraft:furnace":1,"farmersdelight:wild_carrots":27,"cobblemon:apricorn_leaves":2,"minecraft:crafting_table":3,"minecraft:allium":3,"minecraft:grass":27,"minecraft:oak_log":29,"minecraft:grass_block":4,"minecraft:coal_ore":14,"minecraft:tall_grass":3,"biomesoplenty:sprout":1,"minecraft:stone":45,"minecraft:oak_leaves":7},"minecraft:custom":{"minecraft:time_since_rest":6773,"minecraft:interact_with_furnace":6,"minecraft:sprint_one_cm":69116,"minecraft:damage_taken":365,"minecraft:walk_one_cm":59134,"minecraft:mob_kills":22,"minecraft:drop":5,"minecraft:damage_dealt":2679,"minecraft:interact_with_crafting_table":5,"minecraft:fly_one_cm":85158,"minecraft:crouch_one_cm":4819,"minecraft:play_time":24902,"minecraft:sneak_time":1462,"minecraft:walk_under_water_one_cm":716,"minecraft:jump":418,"minecraft:walk_on_water_one_cm":56,"minecraft:leave_game":3,"minecraft:time_since_death":24902,"minecraft:sleep_in_bed":2,"minecraft:total_world_time":24902,"minecraft:fall_one_cm":12700},"minecraft:dropped":{"minecraft:wheat_seeds":1,"minecraft:oak_log":3,"minecraft:string":1,"minecraft:white_wool":4},"minecraft:used":{"minecraft:cooked_mutton":4,"minecraft:stone_sword":73,"minecraft:stone_pickaxe":1,"travelersbackpack:white_sleeping_bag":1,"minecraft:wooden_pickaxe":59,"minecraft:stone_axe":8,"farmersdelight:onion":1,"minecraft:dirt":1,"minecraft:crafting_table":3,"minecraft:furnace":1,"minecraft:oak_sapling":1,"minecraft:carrot":4,"alexsmobs:animal_dictionary":1},"minecraft:crafted":{"minecraft:oak_planks":116,"minecraft:stone_shovel":1,"travelersbackpack:white_sleeping_bag":1,"minecraft:crafting_table":1,"minecraft:stick":12,"minecraft:wooden_pickaxe":1,"minecraft:stone_pickaxe":1,"minecraft:stone_sword":1,"minecraft:furnace":1,"minecraft:stone_axe":1,"minecraft:air":0,"minecraft:cooked_mutton":5},"minecraft:picked_up":{"minecraft:allium":26,"minecraft:stick":2,"minecraft:crafting_table":3,"minecraft:leather":13,"cobblemon:yellow_apricorn":3,"cobblemon:yellow_apricorn_seed":1,"minecraft:oak_log":32,"minecraft:carrot":24,"minecraft:spider_eye":1,"minecraft:string":1,"minecraft:dirt":4,"cobblemon:white_apricorn":7,"minecraft:wheat_seeds":4,"farmersdelight:onion":13,"minecraft:beef":21,"minecraft:oak_sapling":1,"minecraft:mutton":8,"minecraft:coal":27,"minecraft:white_wool":7,"minecraft:cobblestone":45,"minecraft:furnace":1},"minecraft:killed":{"minecraft:sheep":5,"minecraft:zombie":2,"cobblemon:pokemon":1,"minecraft:spider":3,"minecraft:cow":11}},"DataVersion":3465}