{"stats":{"minecraft:killed_by":{"minecraft:zombie":1,"minecraft:illusioner":1},"minecraft:broken":{"minecraft:wooden_pickaxe":1,"minecraft:stone_pickaxe":1,"minecraft:iron_axe":1,"simplytools:iron_hammer":1,"minecraft:iron_pickaxe":1,"minecraft:golden_pickaxe":1},"minecraft:custom":{"minecraft:mob_kills":105,"minecraft:interact_with_crafting_table":29,"minecraft:open_barrel":19,"goblintraders:trade_with_goblin":35,"minecraft:leave_game":16,"minecraft:time_since_death":126172,"minecraft:climb_one_cm":2411,"minecraft:sprint_one_cm":565632,"minecraft:walk_one_cm":561032,"minecraft:drop":99,"minecraft:talked_to_villager":1,"minecraft:play_time":293864,"minecraft:sneak_time":15539,"minecraft:deaths":3,"minecraft:walk_under_water_one_cm":17388,"minecraft:jump":4167,"minecraft:interact_with_blast_furnace":4,"minecraft:walk_on_water_one_cm":36818,"minecraft:total_world_time":293864,"minecraft:interact_with_furnace":26,"minecraft:interact_with_loom":1,"minecraft:sleep_in_bed":8,"minecraft:time_since_rest":36739,"minecraft:damage_taken":4175,"minecraft:damage_dealt":17823,"minecraft:player_kills":1,"minecraft:swim_one_cm":26065,"minecraft:fly_one_cm":1011979,"minecraft:open_chest":72,"minecraft:crouch_one_cm":34436,"minecraft:interact_with_smoker":4,"minecraft:fall_one_cm":122510},"minecraft:dropped":{"minecraft:bread":33,"minecraft:iron_sword":2,"minecraft:wheat_seeds":6,"minecraft:golden_helmet":1,"minecraft:oak_log":3,"minecraft:glow_ink_sac":3,"minecraft:tnt":1,"cobblemon:blue_apricorn":1,"biomesoplenty:magic_planks":9,"minecraft:cobblestone":96,"minecraft:feather":2,"minecraft:book":3,"cobblemon:yellow_apricorn_seed":1,"biomesoplenty:cattail":1,"minecraft:granite":11,"basicweapons:golden_hammer":1,"minecraft:coal":2,"minecraft:stick":5,"minecraft:flint":13,"minecraft:dirt":31,"farmersdelight:golden_knife":1,"minecraft:diorite":46,"minecraft:torch":1,"minecraft:mutton":9,"artifacts:charm_of_sinking":1,"minecraft:iron_pickaxe":2,"basicweapons:golden_club":1,"minecraft:string":4,"minecraft:white_wool":6,"minecraft:redstone":33,"cobblemon:red_apricorn":1,"minecraft:bone":4,"minecraft:gravel":40,"minecraft:furnace":4,"minecraft:stone_axe":1,"minecraft:stone_sword":1,"minecraft:tuff":1,"farmersdelight:cabbage_seeds":6,"minecraft:stone_shovel":1,"minecraft:raw_iron":1,"farmersdelight:cabbage":1,"cobblemon:cheri_berry":24,"minecraft:chicken":1,"minecraft:rotten_flesh":13,"minecraft:oak_planks":30,"patchouli:guide_book":1,"alexscaves:cave_book":1,"minecraft:allium":47,"minecraft:andesite":7,"minecraft:cake":1,"minecraft:chest":1,"minecraft:spider_eye":3,"minecraft:arrow":1,"minecraft:stone_pickaxe":4,"minecraft:beef":11,"minecraft:wooden_pickaxe":1,"minecraft:raw_gold":1},"minecraft:crafted":{"minecraft:oak_planks":128,"minecraft:raw_iron":9,"minecraft:stone_shovel":1,"cobblemon:slate_ball":4,"simplytools:iron_hammer_head":1,"minecraft:furnace":2,"minecraft:cooked_mutton":5,"travelersbackpack:white_sleeping_bag":1,"minecraft:iron_boots":1,"minecraft:iron_axe":1,"minecraft:stone_pickaxe":3,"minecraft:chest":2,"biomesoplenty:magic_planks":12,"minecraft:cooked_beef":31,"minecraft:crafting_table":4,"minecraft:iron_helmet":1,"minecraft:wooden_pickaxe":2,"cobblemon:verdant_ball":12,"minecraft:iron_sword":1,"minecraft:copper_ingot":93,"minecraft:bucket":1,"minecraft:stone_axe":1,"minecraft:air":0,"minecraft:oak_boat":3,"basicweapons:diamond_spear":1,"simplytools:iron_hammer":1,"minecraft:iron_chestplate":1,"minecraft:stick":72,"minecraft:iron_ingot":56,"minecraft:iron_pickaxe":4,"minecraft:stone_sword":1,"minecraft:iron_shovel":1,"minecraft:gold_ingot":1,"minecraft:white_bed":1,"minecraft:torch":160},"minecraft:used":{"minecraft:stone_sword":87,"minecraft:iron_bars":2,"minecraft:iron_shovel":3,"minecraft:stone_shovel":66,"minecraft:chest":2,"minecraft:iron_sword":4,"minecraft:iron_chestplate":1,"minecraft:torch":148,"minecraft:dirt":65,"minecraft:carrot":10,"minecraft:granite":6,"minecraft:light_weighted_pressure_plate":1,"minecraft:iron_axe":247,"simplytools:iron_hammer":375,"minecraft:oak_sapling":1,"minecraft:furnace":4,"minecraft:cooked_beef":12,"minecraft:cooked_mutton":4,"minecraft:water_bucket":3,"biomesoplenty:magic_log":32,"minecraft:stone_pickaxe":228,"minecraft:wooden_pickaxe":79,"farmersdelight:onion":6,"minecraft:crafting_table":13,"minecraft:white_bed":1,"minecraft:blast_furnace":1,"biomesoplenty:magic_sapling":10,"minecraft:apple":1,"minecraft:string":1,"minecraft:bread":51,"minecraft:iron_pickaxe":533,"travelersbackpack:white_sleeping_bag":1,"minecraft:spruce_trapdoor":9,"basicweapons:diamond_spear":234,"biomesoplenty:toadstool":1,"minecraft:stone_axe":63,"minecraft:cobblestone":118,"minecraft:bucket":4,"basicweapons:golden_hammer":61,"minecraft:oak_boat":4,"alexsmobs:animal_dictionary":1,"minecraft:golden_pickaxe":32,"cobblemon:blue_apricorn_seed":1},"minecraft:killed":{"alexsmobs:raccoon":1,"minecraft:spider":13,"alexsmobs:seagull":1,"minecraft:skeleton":16,"alexsmobs:bison":2,"cobblemon:pokemon":6,"minecraft:creeper":1,"minecraft:sheep":10,"alexsmobs:crocodile":1,"minecraft:zombie":33,"minecraft:cow":17},"minecraft:mined":{"minecraft:diamond_ore":1,"alexscaves:spelunkery_table":2,"minecraft:tuff":16,"minecraft:deepslate_diamond_ore":2,"farmersdelight:wild_carrots":54,"minecraft:spruce_trapdoor":24,"minecraft:granite":17,"biomesoplenty:bush":16,"minecraft:allium":4,"minecraft:stone_brick_wall":9,"minecraft:grass_block":18,"biomesoplenty:cattail":1,"farmersdelight:wild_onions":22,"minecraft:raw_iron_block":1,"minecraft:furnace":6,"biomesoplenty:toadstool":3,"minecraft:iron_ore":52,"minecraft:andesite":15,"minecraft:deepslate_lapis_ore":12,"minecraft:gold_block":2,"biomesoplenty:magic_log":240,"minecraft:deepslate_iron_ore":58,"minecraft:iron_bars":14,"minecraft:stripped_oak_log":1,"minecraft:stone":259,"minecraft:deepslate_redstone_ore":21,"cobblemon:apricorn_leaves":2,"cobblemon:leaf_stone_ore":2,"minecraft:torch":4,"minecraft:crafting_table":9,"minecraft:blast_furnace":1,"minecraft:chest":1,"minecraft:dead_bush":1,"minecraft:copper_ore":31,"minecraft:tall_grass":3,"minecraft:cobblestone":7,"biomesoplenty:sprout":6,"farmersdelight:wild_tomatoes":11,"minecraft:deepslate_gold_ore":1,"minecraft:oak_planks":1,"minecraft:diorite":23,"minecraft:wall_torch":3,"minecraft:spruce_stairs":4,"minecraft:seagrass":1,"biomesoplenty:magic_leaves":34,"minecraft:tnt":1,"biomesoplenty:stripped_magic_log":1,"minecraft:grass":62,"minecraft:coal_ore":36,"minecraft:oak_log":31,"minecraft:gravel":52,"minecraft:dirt":24,"minecraft:oak_leaves":9,"minecraft:deepslate":649,"minecraft:fern":12},"minecraft:picked_up":{"minecraft:crafting_table":9,"cobblemon:leaf_stone":2,"minecraft:allium":47,"minecraft:chicken":1,"cobblemon:yellow_apricorn":3,"cobblemon:red_apricorn":6,"minecraft:stone_brick_wall":7,"minecraft:gold_block":2,"immersive_melodies:lute":1,"minecraft:string":12,"minecraft:raw_copper":88,"cobblemon:white_apricorn":7,"minecraft:cobbled_deepslate":638,"farmersdelight:cabbage":1,"minecraft:beef":47,"minecraft:oak_boat":2,"minecraft:iron_pickaxe":1,"minecraft:chest":1,"minecraft:spruce_trapdoor":21,"farmersdelight:cabbage_seeds":6,"minecraft:furnace":6,"minecraft:stick":9,"minecraft:raw_iron":110,"minecraft:torch":8,"minecraft:spruce_stairs":4,"farmersdelight:tomato_seeds":11,"minecraft:diorite":46,"minecraft:carrot":50,"minecraft:redstone":95,"minecraft:tnt":1,"minecraft:arrow":8,"minecraft:honey_bottle":3,"minecraft:rotten_flesh":20,"biomesoplenty:cattail":1,"farmersdelight:onion":24,"alexscaves:spelunkery_table":2,"cobblemon:air_balloon":1,"minecraft:mutton":14,"minecraft:iron_bars":14,"cobblemon:verdant_ball":5,"cobblemon:blue_apricorn":10,"minecraft:white_wool":14,"minecraft:cobblestone":315,"minecraft:stripped_oak_log":1,"minecraft:air":0,"minecraft:feather":2,"minecraft:glow_ink_sac":3,"minecraft:andesite":7,"minecraft:leather":17,"biomesoplenty:stripped_magic_log":1,"alexsmobs:bison_fur":4,"minecraft:flint":10,"minecraft:tuff":1,"minecraft:oak_log":34,"minecraft:lapis_lazuli":61,"farmersdelight:tomato":1,"minecraft:dirt":96,"minecraft:bone":15,"minecraft:wheat_seeds":6,"minecraft:raw_gold":1,"minecraft:stone_pickaxe":2,"cobblemon:thunder_stone":1,"biomesoplenty:magic_log":239,"minecraft:iron_sword":1,"minecraft:oak_planks":13,"cobblemon:poison_barb":1,"biomesoplenty:magic_sapling":10,"biomesoplenty:toadstool":1,"cobblemon:azure_ball":9,"cobblemon:blue_apricorn_seed":1,"minecraft:raw_iron_block":1,"minecraft:gravel":40,"cobblemon:pecha_berry":15,"cobblemon:cheri_berry":25,"cobblemon:premier_ball":1,"cobblemon:yellow_apricorn_seed":1,"minecraft:blast_furnace":1,"minecraft:spider_eye":3,"cobblemon:shuca_berry":2,"travelersbackpack:standard":1,"minecraft:diamond":3,"biomesoplenty:magic_planks":4,"minecraft:granite":17,"minecraft:oak_sapling":1,"minecraft:coal":49}},"DataVersion":3465}