{"stats":{"minecraft:used":{"minecraft:stone_pickaxe":102,"farmersdelight:golden_knife":22,"minecraft:chest":1,"minecraft:wooden_pickaxe":15,"minecraft:rotten_flesh":1,"minecraft:dirt":3,"minecraft:crafting_table":11,"travelersbackpack:white_sleeping_bag":1,"cobblemon:red_apricorn_seed":1,"minecraft:stone_axe":34,"minecraft:wooden_sword":53,"minecraft:cobblestone":4,"minecraft:beef":4,"minecraft:cooked_porkchop":3,"minecraft:furnace":2,"minecraft:porkchop":5,"minecraft:egg":1,"minecraft:cooked_beef":9,"minecraft:bone_meal":10,"cobblemon:blue_apricorn_seed":2},"minecraft:dropped":{"minecraft:gravel":2,"cobblemon:wepear_berry":4,"minecraft:wheat_seeds":2,"minecraft:lilac":1,"alexsmobs:animal_dictionary":2,"minecraft:chicken":1,"minecraft:feather":3,"minecraft:cobblestone":4,"biomesoplenty:redwood_planks":4,"minecraft:oak_planks":3,"cobblemon:premier_ball":1,"patchouli:guide_book":2,"minecraft:cobblestone_slab":1,"minecraft:beetroot_seeds":2,"farmersdelight:onion":1,"minecraft:wooden_pickaxe":1},"minecraft:broken":{"minecraft:wooden_sword":1},"minecraft:mined":{"minecraft:dark_oak_log":8,"minecraft:crafting_table":5,"cobblemon:apricorn_leaves":1,"biomesoplenty:bush":1,"minecraft:grass_block":13,"minecraft:copper_ore":30,"minecraft:tall_grass":3,"minecraft:cobblestone":1,"biomesoplenty:sprout":2,"biomesoplenty:huge_clover_petal":3,"minecraft:large_fern":1,"farmersdelight:wild_beetroots":2,"minecraft:furnace":1,"minecraft:fire":1,"minecraft:iron_ore":1,"minecraft:azure_bluet":1,"minecraft:grass":10,"biomesoplenty:redwood_log":2,"biomesoplenty:clover":11,"minecraft:oak_log":7,"minecraft:coal_ore":26,"minecraft:cobblestone_slab":1,"minecraft:gravel":2,"minecraft:dirt":12,"minecraft:stone":31,"minecraft:oak_leaves":2,"minecraft:suspicious_gravel":4},"minecraft:crafted":{"minecraft:cooked_beef":10,"minecraft:wooden_sword":1,"minecraft:oak_planks":28,"minecraft:cooked_porkchop":4,"minecraft:crafting_table":6,"biomesoplenty:redwood_planks":8,"minecraft:wooden_pickaxe":1,"minecraft:furnace":1,"minecraft:copper_ingot":9,"minecraft:bone_meal":15,"cobblemon:premier_ball":4,"minecraft:stone_axe":1,"minecraft:air":0,"cobblemon:poke_ball":8,"travelersbackpack:white_sleeping_bag":1,"minecraft:stick":8,"minecraft:stone_pickaxe":1,"minecraft:chest":1,"cobblemon:azure_ball":12,"minecraft:dark_oak_planks":32,"cobblemon:citrine_ball":4},"minecraft:killed":{"minecraft:pig":8,"minecraft:witch":2,"cobblemon:pokemon":5,"alexsmobs:raccoon":1,"minecraft:spider":1,"minecraft:squid":1,"minecraft:skeleton":1,"minecraft:sheep":1,"minecraft:zombie":1,"minecraft:donkey":1,"minecraft:chicken":1,"minecraft:cow":6},"minecraft:picked_up":{"biomesoplenty:redwood_log":2,"minecraft:crafting_table":5,"minecraft:air":0,"minecraft:feather":3,"minecraft:lilac":1,"minecraft:chicken":1,"cobblemon:yellow_apricorn":11,"minecraft:leather":8,"cobblemon:red_apricorn":13,"minecraft:wooden_pickaxe":1,"cobblemon:razz_berry":14,"minecraft:oak_log":7,"cobblemon:wepear_berry":8,"minecraft:dirt":24,"minecraft:raw_copper":99,"cobblemon:white_apricorn":11,"minecraft:bone":5,"minecraft:wheat_seeds":2,"minecraft:beef":15,"minecraft:cobblestone_slab":1,"farmersdelight:golden_knife":1,"minecraft:furnace":1,"minecraft:egg":1,"cobblemon:red_apricorn_seed":1,"cobblemon:azure_ball":7,"minecraft:stick":4,"minecraft:raw_iron":1,"patchouli:guide_book":1,"cobblemon:blue_apricorn_seed":2,"minecraft:gravel":2,"cobblemon:premier_ball":4,"minecraft:porkchop":20,"cobblemon:persim_berry":11,"cobblemon:pink_apricorn":3,"minecraft:ink_sac":1,"cobblemon:citrine_ball":11,"minecraft:dark_oak_log":8,"alexsmobs:animal_dictionary":1,"minecraft:honey_bottle":1,"immersive_melodies:piano":1,"minecraft:arrow":5,"minecraft:rotten_flesh":2,"cobblemon:poke_ball":3,"minecraft:beetroot_seeds":2,"farmersdelight:onion":1,"minecraft:mutton":8,"cobblemon:blue_apricorn":14,"minecraft:coal":41,"minecraft:white_wool":3,"minecraft:cobblestone":32},"minecraft:custom":{"minecraft:interact_with_furnace":16,"minecraft:mob_kills":29,"minecraft:interact_with_crafting_table":22,"minecraft:leave_game":1,"minecraft:time_since_death":54223,"minecraft:sleep_in_bed":1,"minecraft:climb_one_cm":153,"minecraft:time_since_rest":54245,"minecraft:sprint_one_cm":246393,"minecraft:damage_taken":1229,"minecraft:walk_one_cm":176661,"minecraft:drop":23,"minecraft:damage_dealt":4189,"minecraft:swim_one_cm":17449,"minecraft:fly_one_cm":262032,"minecraft:open_chest":3,"minecraft:crouch_one_cm":408,"minecraft:play_time":74512,"minecraft:deaths":1,"minecraft:sneak_time":523,"minecraft:walk_under_water_one_cm":6464,"minecraft:jump":1517,"minecraft:walk_on_water_one_cm":17952,"minecraft:total_world_time":74512,"minecraft:fall_one_cm":50621,"minecraft:horse_one_cm":835},"minecraft:killed_by":{"minecraft:player":1}},"DataVersion":3465}