{"stats":{"minecraft:broken":{"minecraft:stone_pickaxe":1,"minecraft:wooden_sword":1,"minecraft:stone_axe":1,"minecraft:iron_pickaxe":1},"minecraft:killed_by":{"minecraft:creeper":1,"minecraft:player":1},"minecraft:custom":{"minecraft:interact_with_crafting_table":68,"minecraft:open_barrel":3,"minecraft:leave_game":2,"minecraft:time_since_death":158115,"minecraft:sprint_one_cm":986355,"minecraft:drop":100,"minecraft:play_noteblock":8,"minecraft:talked_to_villager":3,"minecraft:play_time":299859,"minecraft:deaths":2,"minecraft:jump":6792,"minecraft:walk_on_water_one_cm":48463,"minecraft:interact_with_furnace":61,"minecraft:interact_with_cartography_table":2,"minecraft:sleep_in_bed":15,"minecraft:damage_dealt":26502,"minecraft:crouch_one_cm":19965,"minecraft:interact_with_smoker":1,"minecraft:inspect_dispenser":3,"minecraft:horse_one_cm":835,"minecraft:interact_with_smithing_table":4,"minecraft:inspect_dropper":2,"minecraft:mob_kills":171,"minecraft:climb_one_cm":12597,"minecraft:walk_one_cm":566540,"minecraft:sneak_time":7871,"minecraft:walk_under_water_one_cm":32199,"minecraft:interact_with_blast_furnace":7,"minecraft:total_world_time":299859,"minecraft:interact_with_stonecutter":3,"minecraft:time_since_rest":7280,"minecraft:damage_taken":4886,"minecraft:swim_one_cm":120826,"minecraft:fly_one_cm":1210365,"minecraft:open_chest":77,"minecraft:fall_one_cm":204721},"minecraft:dropped":{"biomesoplenty:mahogany_planks":4,"minecraft:mossy_stone_brick_stairs":1,"minecraft:iron_horse_armor":1,"travelersbackpack:standard":1,"minecraft:flint":1,"minecraft:cobblestone_stairs":1,"minecraft:dirt":4,"minecraft:dark_oak_fence":1,"farmersdelight:onion":1,"minecraft:sand":9,"minecraft:cauldron":2,"minecraft:bone":1,"minecraft:gravel":9,"biomesoplenty:toadstool":1,"minecraft:iron_nugget":4,"alexsmobs:animal_dictionary":2,"minecraft:pointed_dripstone":1,"minecraft:rotten_flesh":6,"minecraft:oak_planks":3,"basicweapons:iron_dagger":2,"patchouli:guide_book":2,"minecraft:chiseled_stone_bricks":1,"minecraft:poppy":1,"minecraft:beetroot_seeds":2,"minecraft:stone_brick_wall":1,"minecraft:spruce_slab":3,"minecraft:arrow":7,"minecraft:netherrack":8,"minecraft:wheat_seeds":5,"minecraft:lilac":1,"minecraft:mossy_cobblestone":6,"minecraft:feather":6,"minecraft:cobblestone":34,"minecraft:stick":2,"minecraft:ink_sac":1,"cobblemon:wepear_berry":12,"cobblemon:azure_ball":5,"minecraft:composter":2,"minecraft:chicken":4,"biomesoplenty:redwood_planks":4,"cobblemon:premier_ball":1,"minecraft:spruce_fence":2,"minecraft:cobblestone_slab":1,"cobblemon:shuca_berry":2,"minecraft:mossy_stone_bricks":7,"minecraft:oak_sapling":1,"minecraft:redstone_torch":2,"minecraft:stone_pressure_plate":45,"minecraft:wooden_pickaxe":2},"minecraft:used":{"minecraft:iron_shovel":32,"minecraft:ladder":1,"minecraft:decorated_pot":1,"minecraft:chest":6,"minecraft:creeper_head":1,"minecraft:rotten_flesh":1,"minecraft:iron_chestplate":1,"minecraft:mutton":8,"minecraft:dark_oak_boat":1,"minecraft:sweet_berries":27,"minecraft:furnace":4,"minecraft:egg":2,"minecraft:mossy_stone_bricks":1,"minecraft:stone_pickaxe":176,"minecraft:wooden_pickaxe":15,"minecraft:white_wool":1,"minecraft:glow_berries":1,"minecraft:blast_furnace":2,"minecraft:crossbow":1,"minecraft:melon_slice":26,"minecraft:wooden_sword":53,"basicweapons:iron_club":27,"cobblemon:red_apricorn_seed":1,"minecraft:smithing_table":1,"minecraft:bone_meal":10,"minecraft:experience_bottle":3,"minecraft:cooked_salmon":2,"minecraft:netherrack":10,"minecraft:dirt":59,"minecraft:dark_oak_planks":6,"minecraft:iron_axe":148,"cobblemon:pc":1,"minecraft:light_gray_wool":1,"minecraft:beef":24,"minecraft:cooked_beef":32,"minecraft:cooked_mutton":8,"farmersdelight:golden_knife":22,"minecraft:mossy_cobblestone":17,"minecraft:crafting_table":20,"minecraft:white_bed":10,"minecraft:spruce_log":1,"minecraft:smoker":4,"minecraft:oak_log":1,"minecraft:apple":1,"minecraft:chicken":6,"minecraft:iron_pickaxe":440,"travelersbackpack:white_sleeping_bag":1,"minecraft:stone_axe":164,"minecraft:cobblestone":110,"travelersbackpack:standard":9,"minecraft:porkchop":5,"minecraft:cooked_porkchop":7,"basicweapons:iron_spear":154,"cobblemon:blue_apricorn_seed":2},"minecraft:crafted":{"minecraft:oak_planks":28,"minecraft:smooth_stone":7,"minecraft:dark_oak_boat":2,"minecraft:stone":7,"minecraft:cooked_mutton":8,"minecraft:glass":28,"minecraft:iron_boots":1,"minecraft:chest":8,"cobblemon:azure_ball":32,"minecraft:cooked_porkchop":7,"minecraft:crafting_table":9,"minecraft:wooden_pickaxe":1,"minecraft:iron_helmet":1,"travelersbackpack:standard":2,"minecraft:smithing_table":1,"minecraft:copper_ingot":17,"cobblemon:poke_ball":24,"cobblemon:quick_ball":4,"minecraft:shield":1,"minecraft:stick":28,"minecraft:iron_ingot":105,"minecraft:iron_pickaxe":3,"minecraft:gold_ingot":18,"minecraft:wooden_sword":1,"biomesoplenty:mahogany_planks":32,"minecraft:furnace":3,"minecraft:bone_meal":15,"cobblemon:premier_ball":8,"travelersbackpack:white_sleeping_bag":3,"minecraft:iron_axe":2,"minecraft:stone_pickaxe":2,"minecraft:dark_oak_planks":100,"cobblemon:citrine_ball":4,"minecraft:cooked_beef":47,"biomesoplenty:redwood_planks":8,"travelersbackpack:backpack_tank":4,"cobblemon:pc":1,"minecraft:stone_axe":3,"minecraft:air":0,"minecraft:iron_shovel":1,"minecraft:iron_leggings":1,"minecraft:white_bed":2,"cobblemon:ultra_ball":4,"cobblemon:great_ball":4},"minecraft:killed":{"minecraft:witch":2,"minecraft:spider":2,"minecraft:skeleton":2,"minecraft:chicken":6,"minecraft:silverfish":6,"minecraft:parrot":1,"minecraft:pig":10,"alexsmobs:seal":1,"minecraft:iron_golem":4,"minecraft:sheep":13,"minecraft:pillager":14,"minecraft:donkey":2,"minecraft:zombie":9,"minecraft:cow":48,"alexsmobs:raccoon":1,"alexsmobs:seagull":1,"minecraft:slime":13,"minecraft:horse":7,"minecraft:llama":4,"minecraft:drowned":2,"cobblemon:pokemon":14,"minecraft:frog":2,"minecraft:squid":1,"alexsmobs:catfish":3},"minecraft:mined":{"minecraft:dark_oak_planks":4,"minecraft:stone_pressure_plate":45,"minecraft:white_bed":9,"farmersdelight:rich_soil":1,"minecraft:cobblestone_stairs":2,"minecraft:brewing_stand":1,"minecraft:cave_vines_plant":1,"minecraft:grass_block":32,"minecraft:infested_cobblestone":8,"minecraft:composter":2,"minecraft:hopper":6,"minecraft:chiseled_stone_bricks":1,"minecraft:mossy_cobblestone_slab":1,"minecraft:fire":9,"minecraft:iron_ore":1,"minecraft:sticky_piston":39,"biomesoplenty:lavender":2,"minecraft:azure_bluet":1,"minecraft:pointed_dripstone":1,"minecraft:cave_vines":1,"biomesoplenty:redwood_log":2,"minecraft:spruce_slab":3,"minecraft:smoker":4,"cobblemon:apricorn_leaves":1,"minecraft:note_block":1,"minecraft:blast_furnace":2,"minecraft:melon":9,"minecraft:chest":2,"minecraft:cobblestone":78,"minecraft:sugar_cane":10,"minecraft:cauldron":2,"minecraft:skeleton_skull":1,"minecraft:repeater":74,"minecraft:grass":32,"biomesoplenty:clover":18,"minecraft:oak_log":7,"cobblemon:thunder_stone_ore":1,"minecraft:sand":19,"minecraft:dirt":24,"minecraft:dispenser":45,"minecraft:netherrack":34,"minecraft:oak_leaves":3,"minecraft:suspicious_gravel":4,"biomesoplenty:white_sand":19,"minecraft:mossy_cobblestone":30,"minecraft:dark_oak_log":8,"minecraft:ladder":5,"minecraft:dark_oak_fence":2,"biomesoplenty:bush":4,"minecraft:spruce_fence":3,"minecraft:decorated_pot":2,"minecraft:redstone_wire":1,"travelersbackpack:white_sleeping_bag":1,"minecraft:spruce_leaves":13,"minecraft:large_fern":1,"minecraft:hay_block":12,"minecraft:furnace":1,"minecraft:gold_block":2,"minecraft:mossy_stone_brick_stairs":1,"minecraft:cobblestone_slab":7,"minecraft:stone":70,"minecraft:redstone_wall_torch":1,"minecraft:smithing_table":1,"minecraft:comparator":4,"minecraft:observer":3,"travelersbackpack:standard":4,"minecraft:crafting_table":12,"minecraft:dropper":11,"minecraft:copper_ore":46,"minecraft:tall_grass":3,"biomesoplenty:huge_clover_petal":4,"biomesoplenty:sprout":5,"cobblemon:relic_coin_pouch":5,"farmersdelight:wild_beetroots":2,"minecraft:spruce_stairs":6,"minecraft:cactus":5,"biomesoplenty:mahogany_log":8,"minecraft:sweet_berry_bush":11,"minecraft:creeper_head":2,"minecraft:spruce_log":2,"minecraft:coal_ore":61,"minecraft:cocoa":2,"minecraft:gravel":10,"cobblemon:sun_stone_ore":2,"minecraft:stone_bricks":4,"minecraft:mossy_stone_bricks":10,"minecraft:fern":9},"minecraft:picked_up":{"minecraft:creeper_head":2,"minecraft:smithing_table":1,"cobblemon:red_apricorn":48,"minecraft:brewing_stand":1,"cobblemon:wepear_berry":12,"minecraft:string":2,"minecraft:raw_copper":158,"minecraft:sticky_piston":39,"minecraft:comparator":4,"cobblemon:oran_berry":47,"minecraft:redstone_torch":4,"minecraft:cobblestone_slab":1,"minecraft:melon_slice":37,"minecraft:furnace":1,"minecraft:tipped_arrow":30,"minecraft:stick":10,"minecraft:composter":2,"minecraft:spruce_stairs":6,"minecraft:porkchop":20,"minecraft:pointed_dripstone":1,"minecraft:cauldron":4,"minecraft:cactus":6,"minecraft:honey_bottle":1,"minecraft:rotten_flesh":10,"farmersdelight:onion":1,"alexsmobs:emu_egg":1,"minecraft:cobblestone":171,"biomesoplenty:lavender":1,"minecraft:feather":12,"minecraft:lilac":1,"cobblemon:ultra_ball":7,"minecraft:repeater":71,"minecraft:smoker":4,"cobblemon:razz_berry":14,"minecraft:flint":2,"minecraft:dirt":83,"minecraft:bone":6,"cobblemon:black_apricorn":7,"minecraft:wheat_seeds":9,"cobblemon:thunder_stone":1,"minecraft:mossy_stone_bricks":10,"minecraft:bamboo":22,"minecraft:mossy_stone_brick_stairs":1,"biomesoplenty:mahogany_planks":8,"biomesoplenty:toadstool":1,"cobblemon:sun_stone":2,"patchouli:guide_book":1,"minecraft:dropper":11,"minecraft:sand":18,"cobblemon:persim_berry":11,"minecraft:ink_sac":1,"minecraft:dark_oak_log":8,"alexsmobs:animal_dictionary":1,"minecraft:mossy_cobblestone":28,"cobblemon:shuca_berry":2,"immersive_melodies:piano":1,"minecraft:dispenser":43,"cobblemon:poke_ball":22,"minecraft:crossbow":1,"minecraft:oak_sapling":1,"minecraft:netherrack":71,"minecraft:dark_oak_fence":1,"biomesoplenty:redwood_log":2,"minecraft:cocoa_beans":24,"minecraft:crafting_table":12,"minecraft:chicken":10,"minecraft:ladder":1,"cobblemon:yellow_apricorn":16,"minecraft:wooden_pickaxe":1,"minecraft:stone_brick_wall":1,"minecraft:gold_block":2,"cobblemon:white_apricorn":17,"cobblemon:green_apricorn":12,"minecraft:beef":97,"cobblemon:relic_coin":167,"minecraft:observer":3,"minecraft:iron_nugget":4,"minecraft:poppy":3,"minecraft:spruce_slab":3,"minecraft:light_gray_wool":1,"minecraft:sugar_cane":22,"minecraft:chest":2,"farmersdelight:golden_knife":1,"cobblemon:green_apricorn_seed":3,"minecraft:egg":2,"minecraft:raw_iron":1,"minecraft:note_block":1,"minecraft:spruce_fence":3,"cobblemon:citrine_ball":11,"minecraft:stone_pressure_plate":46,"minecraft:dark_oak_planks":4,"artifacts:everlasting_beef":1,"minecraft:arrow":52,"minecraft:beetroot_seeds":2,"minecraft:decorated_pot":1,"minecraft:hay_block":12,"minecraft:glow_berries":1,"minecraft:mutton":22,"cobblemon:blue_apricorn":44,"minecraft:skeleton_skull":1,"minecraft:white_wool":16,"biomesoplenty:white_sand":19,"minecraft:air":0,"minecraft:leather":80,"minecraft:oak_log":8,"minecraft:cobblestone_stairs":1,"cobblemon:pink_apricorn_seed":1,"minecraft:apple":1,"minecraft:iron_ingot":15,"cobblemon:red_apricorn_seed":5,"cobblemon:azure_ball":9,"minecraft:sweet_berries":29,"minecraft:chiseled_stone_bricks":1,"cobblemon:black_apricorn_seed":1,"cobblemon:blue_apricorn_seed":5,"minecraft:gravel":10,"cobblemon:premier_ball":6,"cobblemon:pink_apricorn":8,"minecraft:blast_furnace":2,"minecraft:spruce_log":1,"minecraft:white_bed":9,"travelersbackpack:standard":4,"biomesoplenty:mahogany_log":8,"minecraft:slime_ball":14,"minecraft:coal":76,"minecraft:hopper":6}},"DataVersion":3465}