{"stats":{"minecraft:mined":{"farmersdelight:wild_beetroots":2,"minecraft:crafting_table":1,"minecraft:grass":5,"minecraft:grass_block":6,"minecraft:oak_log":5,"minecraft:dirt":1,"minecraft:tall_grass":3,"minecraft:oak_leaves":1},"minecraft:custom":{"minecraft:time_since_rest":6803,"minecraft:sprint_one_cm":38632,"minecraft:damage_taken":155,"minecraft:walk_one_cm":39695,"minecraft:mob_kills":7,"minecraft:damage_dealt":779,"minecraft:interact_with_crafting_table":4,"minecraft:fly_one_cm":30652,"minecraft:crouch_one_cm":90,"minecraft:play_time":13296,"minecraft:sneak_time":31,"minecraft:walk_under_water_one_cm":2324,"minecraft:jump":281,"minecraft:walk_on_water_one_cm":388,"minecraft:time_since_death":13296,"minecraft:sleep_in_bed":1,"minecraft:total_world_time":13296,"minecraft:fall_one_cm":9395},"minecraft:used":{"travelersbackpack:white_sleeping_bag":1,"minecraft:rotten_flesh":1,"minecraft:wooden_sword":14,"minecraft:dirt":1,"minecraft:crafting_table":2,"minecraft:porkchop":3,"minecraft:egg":1},"minecraft:crafted":{"minecraft:wooden_sword":1,"minecraft:oak_planks":20,"travelersbackpack:white_sleeping_bag":1,"minecraft:crafting_table":2,"minecraft:stick":8},"minecraft:picked_up":{"minecraft:crafting_table":1,"minecraft:feather":2,"minecraft:chicken":1,"cobblemon:yellow_apricorn":7,"cobblemon:red_apricorn":7,"cobblemon:blue_apricorn_seed":1,"cobblemon:razz_berry":14,"minecraft:porkchop":11,"minecraft:oak_log":5,"cobblemon:wepear_berry":4,"minecraft:dirt":7,"cobblemon:white_apricorn":4,"minecraft:rotten_flesh":2,"minecraft:beetroot_seeds":2,"minecraft:wheat_seeds":1,"minecraft:mutton":1,"cobblemon:blue_apricorn":7,"minecraft:white_wool":3,"minecraft:egg":1},"minecraft:killed":{"minecraft:sheep":1,"minecraft:zombie":1,"minecraft:pig":4,"minecraft:chicken":1}},"DataVersion":3465}