{"stats":{"minecraft:broken":{"minecraft:stone_pickaxe":1,"minecraft:wooden_sword":1,"minecraft:stone_axe":1,"minecraft:iron_pickaxe":1,"minecraft:iron_helmet":1},"minecraft:killed":{"minecraft:witch":2,"minecraft:spider":5,"minecraft:skeleton":6,"minecraft:chicken":6,"minecraft:silverfish":6,"minecraft:piglin_brute":1,"minecraft:piglin":3,"minecraft:parrot":1,"minecraft:pig":12,"minecraft:iron_golem":4,"alexsmobs:seal":1,"minecraft:creeper":1,"alexsmobs:crimson_mosquito":6,"minecraft:sheep":13,"minecraft:pillager":14,"minecraft:donkey":2,"minecraft:zombie":26,"minecraft:stray":1,"minecraft:cow":48,"alexsmobs:raccoon":1,"alexsmobs:seagull":1,"minecraft:slime":13,"minecraft:horse":7,"minecraft:llama":4,"alexsmobs:comb_jelly":2,"minecraft:drowned":3,"alexsmobs:tusklin":3,"minecraft:husk":1,"cobblemon:pokemon":26,"minecraft:frog":2,"minecraft:squid":1,"alexsmobs:emu":4,"alexsmobs:catfish":5,"alexsmobs:crocodile":1},"minecraft:dropped":{"minecraft:porkchop":5,"minecraft:cooked_beef":12,"relics:infinity_ham":2,"biomesoplenty:mahogany_planks":4,"minecraft:lantern":1,"minecraft:mossy_stone_brick_stairs":1,"minecraft:iron_horse_armor":1,"travelersbackpack:standard":1,"minecraft:cobblestone_stairs":1,"minecraft:flint":1,"minecraft:dirt":4,"minecraft:dark_oak_fence":1,"farmersdelight:onion":1,"minecraft:sand":9,"minecraft:polished_blackstone_bricks":3,"cobblemon:great_ball":2,"minecraft:cauldron":2,"minecraft:gold_ingot":22,"minecraft:bone":1,"minecraft:gravel":9,"biomesoplenty:toadstool":1,"minecraft:iron_nugget":4,"minecraft:cobbled_deepslate":1,"alexsmobs:animal_dictionary":2,"minecraft:obsidian":2,"minecraft:pointed_dripstone":1,"minecraft:rotten_flesh":8,"minecraft:oak_planks":3,"basicweapons:iron_dagger":2,"alexsmobs:emu_egg":1,"patchouli:guide_book":2,"minecraft:chiseled_stone_bricks":1,"minecraft:poppy":1,"alexsmobs:blood_sac":1,"minecraft:gunpowder":12,"minecraft:beetroot_seeds":2,"minecraft:stone_brick_wall":1,"minecraft:spruce_slab":3,"minecraft:arrow":7,"minecraft:beef":9,"minecraft:stone_brick_stairs":1,"basicweapons:iron_spear":2,"minecraft:netherrack":8,"minecraft:golden_boots":1,"minecraft:bread":1,"minecraft:wheat_seeds":7,"minecraft:lilac":1,"minecraft:mossy_cobblestone":6,"minecraft:feather":6,"minecraft:cobblestone":34,"minecraft:spruce_stairs":4,"minecraft:stick":2,"minecraft:ink_sac":1,"minecraft:iron_leggings":1,"minecraft:potion":3,"minecraft:flowering_azalea":6,"minecraft:raw_iron_block":1,"minecraft:cactus":6,"minecraft:string":3,"minecraft:bucket":1,"alexsmobs:crocodile_scute":1,"cobblemon:wepear_berry":12,"cobblemon:azure_ball":8,"minecraft:composter":2,"minecraft:chicken":5,"biomesoplenty:redwood_planks":4,"minecraft:clay_ball":4,"alexsmobs:ancient_dart":1,"cobblemon:premier_ball":1,"minecraft:spruce_fence":2,"minecraft:filled_map":1,"minecraft:cobblestone_slab":1,"cobblemon:shuca_berry":2,"minecraft:iron_chestplate":1,"minecraft:mossy_stone_bricks":7,"minecraft:oak_sapling":1,"minecraft:stone_bricks":3,"minecraft:redstone_torch":2,"minecraft:stone_pressure_plate":45,"minecraft:wooden_pickaxe":2},"minecraft:crafted":{"minecraft:oak_planks":28,"minecraft:smooth_stone":7,"minecraft:dark_oak_boat":2,"minecraft:stone":7,"minecraft:cooked_mutton":8,"minecraft:glass":38,"minecraft:diamond_leggings":1,"minecraft:iron_boots":1,"minecraft:chest":8,"cobblemon:azure_ball":36,"basicweapons:iron_spear":1,"minecraft:golden_boots":1,"minecraft:emerald":9,"minecraft:cooked_porkchop":7,"minecraft:crafting_table":9,"minecraft:wooden_pickaxe":1,"travelersbackpack:standard":2,"minecraft:iron_helmet":1,"minecraft:smithing_table":1,"minecraft:copper_ingot":17,"cobblemon:poke_ball":24,"cobblemon:quick_ball":4,"minecraft:diamond_pickaxe":1,"minecraft:shield":1,"minecraft:stick":28,"minecraft:iron_ingot":105,"minecraft:iron_pickaxe":3,"minecraft:iron_block":10,"minecraft:gold_ingot":18,"minecraft:wooden_sword":1,"biomesoplenty:mahogany_planks":32,"minecraft:furnace":3,"minecraft:bone_meal":15,"cobblemon:premier_ball":8,"minecraft:diamond":9,"travelersbackpack:white_sleeping_bag":3,"minecraft:iron_axe":2,"minecraft:stone_pickaxe":2,"minecraft:dark_oak_planks":100,"cobblemon:citrine_ball":4,"minecraft:cooked_beef":47,"minecraft:crossbow":1,"biomesoplenty:redwood_planks":8,"travelersbackpack:backpack_tank":4,"cobblemon:pc":1,"minecraft:stone_axe":3,"minecraft:air":0,"minecraft:iron_shovel":1,"minecraft:iron_leggings":1,"minecraft:white_bed":2,"cobblemon:ultra_ball":4,"cobblemon:great_ball":4,"minecraft:diamond_chestplate":1},"minecraft:mined":{"minecraft:dark_oak_planks":4,"minecraft:stone_pressure_plate":45,"minecraft:white_bed":9,"farmersdelight:rich_soil":1,"minecraft:cobblestone_stairs":2,"minecraft:brewing_stand":1,"cataclysm:stone_pillar":2,"minecraft:cave_vines_plant":3,"minecraft:acacia_log":6,"minecraft:grass_block":32,"minecraft:infested_cobblestone":8,"minecraft:potted_mangrove_propagule":1,"minecraft:soul_soil":24,"minecraft:composter":2,"minecraft:hopper":6,"minecraft:chiseled_stone_bricks":1,"minecraft:potted_fern":1,"minecraft:polished_blackstone_bricks":4,"minecraft:raw_iron_block":1,"minecraft:mossy_cobblestone_slab":1,"minecraft:iron_ore":2,"minecraft:sticky_piston":39,"minecraft:fire":9,"biomesoplenty:lavender":2,"minecraft:azure_bluet":1,"minecraft:pointed_dripstone":1,"minecraft:cave_vines":1,"biomesoplenty:redwood_log":2,"minecraft:iron_block":2,"minecraft:spruce_slab":3,"minecraft:deepslate_redstone_ore":2,"minecraft:blackstone":5,"minecraft:crimson_nylium":2,"minecraft:smoker":4,"minecraft:clay":3,"cobblemon:apricorn_leaves":1,"minecraft:note_block":1,"minecraft:blast_furnace":2,"minecraft:melon":9,"minecraft:chest":2,"minecraft:mushroom_stem":6,"minecraft:cobblestone":78,"minecraft:sugar_cane":10,"minecraft:cauldron":2,"minecraft:skeleton_skull":1,"minecraft:repeater":74,"minecraft:nether_wart_block":1,"minecraft:stone_brick_stairs":1,"minecraft:grass":48,"biomesoplenty:clover":20,"minecraft:oak_log":7,"cobblemon:thunder_stone_ore":1,"minecraft:sand":20,"minecraft:dirt":24,"minecraft:red_mushroom_block":45,"minecraft:dispenser":45,"minecraft:netherrack":34,"minecraft:deepslate":7,"minecraft:oak_leaves":3,"minecraft:emerald_block":1,"minecraft:suspicious_gravel":4,"minecraft:crying_obsidian":2,"minecraft:diamond_ore":2,"minecraft:tuff":2,"biomesoplenty:white_sand":30,"minecraft:mossy_cobblestone":30,"minecraft:deepslate_diamond_ore":8,"minecraft:dark_oak_log":8,"minecraft:potted_flowering_azalea_bush":2,"minecraft:ladder":5,"minecraft:dark_oak_fence":2,"biomesoplenty:bush":21,"minecraft:spruce_fence":3,"minecraft:decorated_pot":2,"cataclysm:chiseled_stone_brick_pillar":1,"minecraft:crimson_roots":1,"minecraft:potted_azalea_bush":2,"minecraft:redstone_wire":1,"travelersbackpack:white_sleeping_bag":1,"minecraft:spruce_leaves":14,"minecraft:potted_bamboo":1,"minecraft:large_fern":1,"minecraft:hay_block":12,"minecraft:furnace":1,"minecraft:diamond_block":1,"minecraft:gold_block":2,"minecraft:mossy_stone_brick_stairs":1,"minecraft:deepslate_iron_ore":1,"minecraft:cobblestone_slab":7,"minecraft:packed_ice":3,"minecraft:stone":91,"minecraft:redstone_wall_torch":1,"minecraft:smithing_table":1,"minecraft:glass_pane":2,"minecraft:comparator":4,"minecraft:soul_sand":2,"minecraft:basalt":2,"minecraft:observer":3,"travelersbackpack:standard":4,"minecraft:crafting_table":15,"minecraft:dropper":11,"minecraft:tall_grass":3,"minecraft:copper_ore":46,"biomesoplenty:sprout":10,"biomesoplenty:huge_clover_petal":4,"cobblemon:relic_coin_pouch":5,"minecraft:spruce_stairs":6,"farmersdelight:wild_beetroots":2,"minecraft:cactus":5,"biomesoplenty:mahogany_log":8,"minecraft:sweet_berry_bush":11,"minecraft:creeper_head":2,"minecraft:spruce_log":2,"minecraft:coal_ore":61,"minecraft:cocoa":2,"minecraft:flower_pot":2,"minecraft:gravel":10,"cobblemon:sun_stone_ore":2,"minecraft:stone_bricks":37,"minecraft:mossy_stone_bricks":10,"minecraft:deepslate_emerald_ore":3,"minecraft:fern":11},"minecraft:killed_by":{"minecraft:piglin_brute":1,"minecraft:creeper":2,"alexsmobs:snow_leopard":1,"minecraft:player":1},"minecraft:used":{"minecraft:iron_shovel":70,"minecraft:ladder":1,"minecraft:decorated_pot":1,"minecraft:chest":6,"minecraft:shield":4,"minecraft:creeper_head":1,"minecraft:rotten_flesh":1,"minecraft:iron_chestplate":1,"minecraft:mutton":8,"minecraft:tuff":4,"minecraft:obsidian":2,"minecraft:glass":1,"minecraft:stone_bricks":30,"minecraft:dark_oak_boat":2,"minecraft:sweet_berries":27,"minecraft:furnace":4,"minecraft:egg":2,"minecraft:mossy_stone_bricks":1,"minecraft:stone_pickaxe":176,"minecraft:wooden_pickaxe":15,"cataclysm:chiseled_stone_brick_pillar":1,"minecraft:white_wool":1,"minecraft:glow_berries":1,"minecraft:sand":1,"minecraft:blast_furnace":2,"minecraft:crossbow":59,"minecraft:crying_obsidian":2,"minecraft:melon_slice":36,"minecraft:wooden_sword":53,"basicweapons:iron_club":145,"cobblemon:red_apricorn_seed":1,"minecraft:smithing_table":1,"minecraft:bone_meal":10,"minecraft:experience_bottle":3,"minecraft:cooked_salmon":2,"minecraft:netherrack":10,"minecraft:dirt":64,"minecraft:dark_oak_planks":6,"minecraft:iron_axe":217,"cobblemon:pc":1,"minecraft:light_gray_wool":1,"minecraft:beef":24,"minecraft:soul_soil":22,"minecraft:cooked_beef":32,"minecraft:cooked_mutton":8,"minecraft:glass_bottle":2,"farmersdelight:golden_knife":22,"minecraft:polished_blackstone_bricks":2,"minecraft:mossy_cobblestone":17,"minecraft:crafting_table":23,"minecraft:white_bed":10,"minecraft:spruce_log":1,"minecraft:smoker":4,"minecraft:oak_log":1,"minecraft:diamond_pickaxe":61,"minecraft:apple":1,"minecraft:chicken":6,"minecraft:iron_pickaxe":491,"travelersbackpack:white_sleeping_bag":1,"minecraft:stone_axe":164,"minecraft:cobblestone":131,"minecraft:potion":2,"travelersbackpack:standard":10,"minecraft:porkchop":7,"minecraft:cooked_porkchop":7,"minecraft:bucket":1,"basicweapons:iron_spear":231,"cobblemon:blue_apricorn_seed":2},"minecraft:picked_up":{"minecraft:flower_pot":9,"minecraft:creeper_head":2,"minecraft:smithing_table":1,"cobblemon:red_apricorn":48,"minecraft:potion":2,"minecraft:nether_brick":8,"minecraft:stone_brick_stairs":1,"minecraft:brewing_stand":1,"cobblemon:wepear_berry":12,"minecraft:soul_soil":22,"minecraft:string":8,"minecraft:raw_copper":158,"minecraft:sticky_piston":39,"alexsmobs:blood_sac":2,"minecraft:cobbled_deepslate":9,"minecraft:comparator":4,"cobblemon:oran_berry":47,"minecraft:redstone_torch":4,"minecraft:cobblestone_slab":1,"minecraft:azalea":2,"minecraft:melon_slice":37,"minecraft:furnace":1,"minecraft:tipped_arrow":30,"minecraft:stick":10,"minecraft:composter":2,"cataclysm:chiseled_stone_brick_pillar":1,"minecraft:acacia_log":6,"minecraft:spruce_stairs":6,"minecraft:porkchop":32,"minecraft:pointed_dripstone":1,"minecraft:cauldron":4,"minecraft:cactus":6,"minecraft:honey_bottle":1,"minecraft:rotten_flesh":29,"farmersdelight:onion":1,"minecraft:iron_block":2,"alexsmobs:emu_egg":1,"minecraft:obsidian":3,"minecraft:cobblestone":192,"biomesoplenty:lavender":1,"minecraft:feather":13,"minecraft:lilac":1,"cobblemon:ultra_ball":7,"minecraft:repeater":71,"minecraft:smoker":4,"cobblemon:razz_berry":14,"minecraft:flint":2,"minecraft:tuff":4,"minecraft:lantern":1,"minecraft:dirt":88,"minecraft:bone":12,"basicweapons:iron_spear":1,"minecraft:wheat_seeds":13,"cobblemon:black_apricorn":7,"cobblemon:thunder_stone":1,"minecraft:mossy_stone_bricks":10,"minecraft:bamboo":22,"biomesoplenty:mahogany_planks":8,"minecraft:mossy_stone_brick_stairs":1,"biomesoplenty:toadstool":1,"cobblemon:sun_stone":2,"patchouli:guide_book":1,"minecraft:dropper":11,"minecraft:sand":19,"cobblemon:persim_berry":11,"minecraft:ink_sac":1,"minecraft:diamond_block":1,"minecraft:dark_oak_log":8,"alexsmobs:animal_dictionary":1,"minecraft:mossy_cobblestone":28,"cobblemon:shuca_berry":2,"immersive_melodies:piano":1,"minecraft:dispenser":43,"minecraft:diamond":10,"cobblemon:poke_ball":22,"minecraft:crossbow":2,"minecraft:emerald":3,"minecraft:oak_sapling":1,"minecraft:netherrack":71,"minecraft:dark_oak_fence":1,"biomesoplenty:redwood_log":2,"minecraft:cocoa_beans":24,"minecraft:crafting_table":15,"minecraft:chicken":12,"minecraft:ladder":1,"minecraft:clay_ball":4,"cobblemon:yellow_apricorn":16,"minecraft:wooden_pickaxe":1,"minecraft:stone_brick_wall":1,"minecraft:gold_block":2,"cobblemon:white_apricorn":17,"cobblemon:green_apricorn":12,"minecraft:beef":106,"cobblemon:relic_coin":167,"minecraft:observer":3,"minecraft:iron_nugget":4,"minecraft:poppy":3,"minecraft:spruce_slab":3,"minecraft:light_gray_wool":1,"minecraft:sugar_cane":22,"minecraft:chest":2,"farmersdelight:golden_knife":1,"cobblemon:green_apricorn_seed":3,"minecraft:egg":2,"minecraft:raw_iron":3,"minecraft:spruce_fence":3,"minecraft:note_block":1,"minecraft:polished_blackstone_bricks":9,"cobblemon:citrine_ball":11,"alexsmobs:crocodile_scute":1,"minecraft:stone_pressure_plate":46,"minecraft:dark_oak_planks":4,"artifacts:everlasting_beef":1,"minecraft:arrow":52,"minecraft:decorated_pot":1,"minecraft:beetroot_seeds":2,"minecraft:hay_block":12,"mowziesmobs:ice_crystal":1,"minecraft:gold_ingot":9,"minecraft:glow_berries":1,"minecraft:mutton":22,"cobblemon:blue_apricorn":44,"minecraft:skeleton_skull":1,"minecraft:white_wool":16,"biomesoplenty:white_sand":29,"minecraft:air":0,"minecraft:leather":84,"minecraft:red_mushroom":10,"minecraft:filled_map":1,"minecraft:oak_log":8,"minecraft:golden_boots":1,"minecraft:gunpowder":12,"minecraft:cobblestone_stairs":1,"cobblemon:pink_apricorn_seed":1,"minecraft:stone_bricks":33,"minecraft:apple":1,"minecraft:iron_ingot":16,"relics:infinity_ham":2,"minecraft:soul_sand":2,"minecraft:flowering_azalea":6,"cobblemon:azure_ball":14,"cobblemon:red_apricorn_seed":5,"minecraft:emerald_block":1,"minecraft:sweet_berries":29,"minecraft:chiseled_stone_bricks":1,"cobblemon:black_apricorn_seed":1,"minecraft:raw_iron_block":1,"cobblemon:blue_apricorn_seed":5,"minecraft:gravel":10,"cobblemon:premier_ball":6,"minecraft:blast_furnace":2,"cobblemon:pink_apricorn":8,"minecraft:white_bed":9,"minecraft:spruce_log":1,"minecraft:crying_obsidian":4,"travelersbackpack:standard":4,"alexsmobs:raw_catfish":4,"biomesoplenty:mahogany_log":8,"minecraft:slime_ball":14,"minecraft:coal":76,"minecraft:hopper":6,"minecraft:ender_pearl":2},"minecraft:custom":{"minecraft:interact_with_crafting_table":87,"minecraft:open_barrel":8,"minecraft:leave_game":4,"minecraft:time_since_death":2735,"minecraft:sprint_one_cm":1404175,"minecraft:damage_blocked_by_shield":162,"minecraft:drop":188,"minecraft:play_noteblock":8,"minecraft:talked_to_villager":3,"minecraft:play_time":457524,"minecraft:deaths":5,"minecraft:jump":9443,"minecraft:walk_on_water_one_cm":96172,"minecraft:interact_with_furnace":75,"minecraft:interact_with_cartography_table":2,"minecraft:sleep_in_bed":21,"minecraft:damage_dealt":36627,"minecraft:crouch_one_cm":41633,"minecraft:interact_with_smoker":3,"minecraft:inspect_dispenser":3,"minecraft:horse_one_cm":835,"minecraft:interact_with_smithing_table":4,"minecraft:inspect_dropper":2,"minecraft:mob_kills":243,"minecraft:climb_one_cm":16236,"minecraft:walk_one_cm":863458,"minecraft:sneak_time":15531,"minecraft:walk_under_water_one_cm":112728,"minecraft:interact_with_blast_furnace":8,"minecraft:total_world_time":457524,"minecraft:interact_with_stonecutter":3,"minecraft:time_since_rest":2767,"minecraft:damage_taken":9073,"minecraft:swim_one_cm":323446,"minecraft:fly_one_cm":1726389,"minecraft:open_chest":206,"minecraft:fall_one_cm":276468}},"DataVersion":3465}