{"stats":{"minecraft:used":{"minecraft:wooden_axe":2,"minecraft:rose_bush":1,"minecraft:bread":15,"minecraft:spruce_planks":46,"minecraft:wooden_pickaxe":6,"minecraft:fire_charge":1,"minecraft:sand":1,"basicweapons:golden_spear":10,"minecraft:crafting_table":2,"minecraft:egg":1,"alexsmobs:animal_dictionary":1,"minecraft:golden_axe":15},"minecraft:dropped":{"minecraft:wooden_axe":1,"minecraft:honey_bottle":1},"minecraft:mined":{"biomesoplenty:magic_leaves":4,"minecraft:spruce_log":14,"minecraft:crafting_table":2,"minecraft:grass":2,"biomesoplenty:bush":4,"minecraft:oak_log":3,"minecraft:rose_bush":1,"minecraft:sand":1,"minecraft:stone":6,"minecraft:oak_leaves":7},"minecraft:crafted":{"minecraft:oak_planks":12,"minecraft:crafting_table":1,"minecraft:spruce_planks":48,"minecraft:stick":8,"minecraft:wooden_pickaxe":1,"minecraft:stone_pickaxe":1,"minecraft:wooden_axe":1,"minecraft:stone_sword":1},"minecraft:killed":{"minecraft:skeleton":1},"minecraft:picked_up":{"minecraft:crafting_table":2,"minecraft:feather":1,"minecraft:chicken":1,"artifacts:charm_of_sinking":1,"minecraft:sand":1,"minecraft:oak_log":3,"minecraft:spruce_log":12,"minecraft:arrow":2,"minecraft:bone":1,"minecraft:honey_bottle":1,"minecraft:rotten_flesh":2,"minecraft:rose_bush":1,"minecraft:bread":33,"minecraft:cobblestone":6,"minecraft:egg":1},"minecraft:custom":{"minecraft:time_since_rest":33883,"minecraft:sprint_one_cm":127172,"minecraft:damage_taken":746,"minecraft:walk_one_cm":68247,"minecraft:mob_kills":1,"minecraft:drop":2,"minecraft:damage_dealt":299,"minecraft:interact_with_crafting_table":3,"minecraft:swim_one_cm":18423,"minecraft:fly_one_cm":188751,"minecraft:open_chest":3,"minecraft:crouch_one_cm":1039,"minecraft:play_time":33883,"minecraft:sneak_time":258,"minecraft:walk_under_water_one_cm":2660,"minecraft:jump":936,"minecraft:leave_game":6,"minecraft:time_since_death":33883,"minecraft:walk_on_water_one_cm":3730,"minecraft:climb_one_cm":123,"minecraft:total_world_time":33883,"minecraft:fall_one_cm":36268}},"DataVersion":3465}