{
  "uuid": "ac131051-a987-4773-9e40-c71409d38b07",
  "starterPrompted": true,
  "starterLocked": false,
  "starterSelected": true,
  "starterUUID": "09505b26-8cfc-4642-b8d8-5cd0013e371c",
  "keyItems": [],
  "battleTheme": "cobblemon:battle.pvp.default",
  "extraData": {},
  "advancementData": {
    "totalCaptureCount": 5,
    "totalEggsHatched": 0,
    "totalEvolvedCount": 0,
    "totalBattleVictoryCount": 1,
    "totalPvPBattleVictoryCount": 0,
    "totalPvWBattleVictoryCount": 1,
    "totalPvNBattleVictoryCount": 0,
    "totalShinyCaptureCount": 0,
    "totalTradedCount": 0,
    "totalTypeCaptureCounts": {
      "fire": 1,
      "ground": 1,
      "dark": 1,
      "normal": 2,
      "grass": 1
    },
    "totalDefeatedCounts": {},
    "aspectsCollected": {}
  }
}