{
  "uuid": "ac131051-a987-4773-9e40-c71409d38b07",
  "starterPrompted": true,
  "starterLocked": false,
  "starterSelected": true,
  "starterUUID": "09505b26-8cfc-4642-b8d8-5cd0013e371c",
  "keyItems": [],
  "battleTheme": "cobblemon:battle.pvp.default",
  "extraData": {},
  "advancementData": {
    "totalCaptureCount": 15,
    "totalEggsHatched": 0,
    "totalEvolvedCount": 0,
    "totalBattleVictoryCount": 15,
    "totalPvPBattleVictoryCount": 0,
    "totalPvWBattleVictoryCount": 15,
    "totalPvNBattleVictoryCount": 0,
    "totalShinyCaptureCount": 0,
    "totalTradedCount": 0,
    "totalTypeCaptureCounts": {
      "fire": 2,
      "ground": 2,
      "dark": 3,
      "normal": 3,
      "grass": 2,
      "flying": 2,
      "electric": 2,
      "steel": 1
    },
    "totalDefeatedCounts": {
      "cobblemon:corvisquire": 1,
      "cobblemon:gimmighoul": 4,
      "cobblemon:lilligant": 1
    },
    "aspectsCollected": {}
  }
}